0	Beans
1	Black beans
2	Black-eyed peas
3	Butter beans
4	Cannellini beans
5	Chickpeas Garbanzo Beans
6	Edamame
7	English peas
8	Great northern beans
9	Kidney beans
10	Lentils
11	Miso
12	Navy beans
13	Pinto beans
14	Small red beans
15	Split peas
16	Tempeh
17	Berries
18	Acai berries
19	Barberries
20	Blackberries
21	Blueberries
22	Cherries
23	Concord grapes
24	Cranberries
25	Goji berries
26	Kumquats
27	Mulberries
28	Raspberries
29	Strawberries
30	Beverages
31	Black tea
32	Chai tea
33	Vanilla chamomile tea
34	Coffee
35	Earl grey tea
36	Green tea
37	Hibiscus tea
38	Hot chocolate
39	Jasmine tea
40	Lemon balm tea
41	Matcha tea
42	Almond blossom oolong tea
43	Peppermint tea
44	Rooibos tea
45	Water
46	White tea
47	Exercise
48	Bicycling
49	Canoeing
50	Dancing
51	Dodgeball
52	Downhill skiing
53	Fencing
54	Hiking
55	Housework
56	Ice-skating
57	Inline skating
58	Juggling
59	trampoline
60	Paddle boating
61	Playing frisbee
62	Roller-skating
63	Shooting baskets
64	Shoveling light snow
65	Skateboarding
66	Snorkeling
67	Surfing
68	Swimming
69	Tennis doubles
70	Treading water
71	Walking briskly
72	Water aerobics
73	Waterskiing
74	Yard work
75	Yoga
76	Backpacking
77	Basketball
78	Bicycling uphill
79	Circuit weight training
80	Cross-country skiing
81	Football
82	Hockey
83	Jogging
84	Jumping jacks
85	Jumping rope
86	Lacrosse
87	Push-ups
88	Pull-ups
89	Racquetball
90	Rock climbing
91	Rugby
92	Running
93	Scuba diving
94	Tennis singles
95	Soccer
96	Speed skating
97	Squash
98	Step aerobics
99	Swimming laps
100	Walking briskly uphill
101	Water jogging
102	Flaxseeds
103	Brown flaxseeds
104	Golden flaxseeds
105	Other Fruits
106	Apples
107	Apricots
108	Avocados
109	Bananas
110	Cantaloupe
111	Clementines
112	Dates
113	Figs
114	Grapefruit
115	Honeydew
116	Kiwifruit
117	Lemons
118	Limes
119	Lychees
120	Mangos
121	Nectarines
122	Oranges
123	Papaya
124	Passion fruit
125	Peaches
126	Pears
127	Pineapple
128	Plums
129	Pluots
130	Pomegranates
131	Prunes
132	Tangerines
133	Watermelon
134	Greens
135	Arugula
136	Beet greens
137	Collard greens
138	Kale
139	Mesclun mix
140	Mustard greens
141	Sorrel
142	Spinach
143	Swiss chard
144	Turnip greens
145	Nuts and Seeds
146	Almonds
147	Brazil nuts
148	Cashews
149	Chia seeds
150	Hazelnuts
151	Hemp seeds
152	Macadamia nuts
153	Pecans
154	Pistachios
155	Pumpkin seeds
156	Sesame seeds
157	Sunflower seeds
158	Walnuts
159	Herbs Spices
160	Allspice
161	Barberries
162	Basil
163	Bay leaves
164	Cardamom
165	Chili powder
166	Cilantro
167	Cinnamon
168	Cloves
169	Coriander
170	Cumin
171	Curry powder
172	Dill
173	Fenugreek
174	Garlic
175	Ginger
176	Horseradish
177	Lemongrass
178	Marjoram
179	Mustard powder
180	Nutmeg
181	Oregano
182	Smoked paprika
183	Parsley
184	Pepper
185	Peppermint
186	Rosemary
187	Saffron
188	Sage
189	Thyme
190	Turmeric
191	Vanilla
192	Cruciferous Vegetables
193	Arugula
194	Bok choy
195	Broccoli
196	Brussels sprouts
197	Cabbage
198	Cauliflower
199	Collard greens
200	Horseradish
201	Kale
202	Kohlrabi
203	Mustard greens
204	Radishes
205	Turnip greens
206	Watercress
207	Vegetables
208	Artichokes
209	Asparagus
210	Beets
211	Bell peppers
212	Carrots
213	Corn
214	Garlic
215	Mushrooms
216	Okra
217	Onions
218	Purple potatoes
219	Pumpkin
220	Sea vegetables
221	Snap peas
222	Squash
223	Sweet potatoes yams
224	Tomatoes
225	Zucchini
226	Whole Grains
227	Barley
228	Buckwheat
229	Millet
230	Oats
231	Popcorn
232	Quinoa
233	Rye
234	Teff
235	Whole-wheat pasta
236	Vitamin B12
237	Implementation Intentions
238	Black Cumin
239	Cumin
240	Deflour Diet
241	Front Load Calories
242	Garlic Powder
243	Ground Ginger Cayenne Pepper
244	Green Tea
245	Stay Hydrated
246	Nutritional Yeast
247	Time Restrict Eating
248	Exercise Timing
249	Twenty Minute Rule
250	Preload Negative Calorie
251	Undistracted Meals
252	Incorporate Vinegar
253	Preload Water
254	Fast Evening
255	Sufficient Sleep
256	Trendelenburg
257	Weigh Twice
258	Legumbres
259	Frijoles negros
260	Frijoles careta
261	Habas grandes
262	Frijoles blancos
263	Garbanzos
264	Edamame
265	Guisantes
266	Frijoles Great Northern
267	Frijoles rojos
268	Lentejas
269	Miso
270	Frijoles blancos
271	Frijoles pintos
272	Frijoles rojos pequeños
273	Guisantes partidos
274	Tempeh
275	Frutos rojos
276	Açai
277	Agracejos
278	Moras
279	Arándanos azules
280	Cerezas
281	Uvas
282	Arándanos rojos
283	Bayas Goji
284	Kumquats
285	Morera
286	Frambuesas
287	Fresas
288	Bebidas
289	Té negro
290	Chai
291	Infusión vainilla manzanilla
292	Café
293	Té Earl Grey
294	Té verde
295	Infusión hibisco
296	Chocolate caliente
297	Té jazmín
298	Té limón
299	Té matcha
300	Té oolong
301	Infusión menta
302	Infusión rooibos
303	Agua
304	Té blanco
305	Ejercicio
306	Bicicleta
307	Canoa
308	Baile
309	prisionero
310	Esquí descenso
311	Esgrima
312	Senderismo
313	Tareas domésticas
314	Patinaje sobre hielo
315	Patinaje línea
316	Malabarismos
317	Saltar trampolín
318	Remo
319	Jugar frisbee
320	Patinaje
321	Canastas
322	Palear nieve ligera
323	Patineta
324	Snorkel
325	Surfear
326	Natación por ocio
327	Tennis
328	Flotar agua
329	Caminata rápida
330	Aeróbicos acuáticos
331	Esquí acuático
332	Jardinería
333	Yoga
334	Mochilear
335	Baloncesto
336	Ciclismo ascenso
337	Entrenamiento pesas
338	Esquí fondo
339	Fútbol americano
340	Hockey
341	Footing
342	Saltos tijera
343	Saltar cuerda
344	Lacrosse
345	Lagartijas
346	Dominadas
347	Racquetball
348	Escalada
349	Rugby
350	Correr
351	Buceo
352	Tennis
353	Fútbol
354	Patinaje velocidad
355	Squash
356	Step
357	Natación
358	Caminata rápida 
359	Trotar agua
360	Linaza
361	Linaza marrón
362	Linaza dorada
363	Otras frutas
364	Manzanas
365	Albaricoques
366	Aguacates
367	Bananas
368	Melón cantalupo
369	Clementinas
370	Dátiles
371	Higos
372	Toronja
373	Melón galia
374	Kiwi
375	Limones amarillos
376	Limones verdes
377	Lichis
378	Mango
379	Nectarinas
380	Naranjas
381	Papaya
382	Maracuyá
383	Duraznos
384	Peras
385	Piña
386	Ciruelas
387	Pluots
388	Granada
389	Ciruelas pasas
390	Mandarina
391	Sandía
392	Verduras hoja verde
393	Rúcula
394	Hojas remolacha
395	Col
396	Berza
397	Mesclun
398	Hojas mostaza
399	Alazán
400	Espinaca
401	Acelga
402	Nabos verdes
403	Frutos secos
404	Almendras
405	Nueces Brasil
406	Anacardos
407	Semillas chia
408	Avellanas
409	Semillas cáñamo
410	Nueces macadamia
411	Nueces pecanas
412	Pistachos
413	Semillas calabaza
414	Semillas sésamo
415	Semillas girasol
416	Nueces
417	Especias
418	Pimienta Jamaica
419	Bérberos
420	Albahaca
421	Laurel
422	Cardamomo
423	Chile polvo
424	Cilantro
425	Canela
426	Clavos
427	Cilantro
428	Comino
429	Curry polvo
430	Eneldo
431	Fenogreco
432	Ajo
433	Jengibre
434	Rábano picante
435	Limoncillo
436	Mejorana
437	Mostaza polvo
438	Nuez moscada
439	Orégano
440	Pimentón ahumado
441	Perejil
442	Pimienta
443	Menta
444	Romero
445	Azafrán
446	Salvia
447	Tomillo
448	Cúrcuma
449	Vainilla
450	Crucíferas
451	Rúcula
452	Bok choy
453	Brócoli
454	Coles Bruselas
455	Repollo
456	Coliflor
457	Berza
458	Rábano picante
459	Col rizada
460	Colinabo
461	Hojas mostaza
462	Rábanos
463	Nabos verdes
464	Berros
465	Otras verduras
466	Alcachofas
467	Espárragos
468	Remolacha
469	Pimiento morrón
470	Zanahoria
471	Maíz
472	Ajo
473	Champiñones
474	Okra
475	Cebollas
476	Patatas moradas
477	Calabaza
478	Algas
479	Tirabeques
480	Calabaza
481	Batata
482	Tomates
483	Calabacín
484	Cereales integrales
485	Cebada
486	Trigo sarraceno
487	Mijo
488	Avena
489	Palomitas maíz
490	Quinoa
491	Centeno
492	Teff
493	Pasta integral
494	Vitamina B12
495	Completar tus metas
496	Comino negro
497	Comino
498	Adiós harina
499	Anticipar calorías
500	Ajo polvo
501	Jengibre molido
502	Té verde
503	Hidratación
504	Levadura nutricional
505	Restricción horario comidas
506	Ejercicio buena 
507	regla veinte minutos
508	Empezar calorías negativas
509	Comidas distracciones
510	Vinagre
511	Empezar agua
512	Ayuno después
513	Dormir suficiente
514	Trendelenburg
515	Pesarse